<?xml version="1.0"?>
<?xml-stylesheet href="http://www.rorweb.com/ror.css" type="text/css"?>
<!-- This is a ROR formatted XML document describing the resources of the website http://www.monacomotelwildwood.com/. For information about the ROR format, go to www.rorweb.com --> 
<rdf:RDF xmlns="http://rorweb.com/0.1/" xmlns:rdf="http://www.w3.org/1999/02/22-rdf-syntax-ns#"> 

<!-- ******************** Main Info ******************** --> 
<Resource rdf:about="main">
    <rorinfo>This is a ROR formatted XML document describing the resources of the website http://www.monacomotelwildwood.com/. For information about the ROR format, go to www.rorweb.com</rorinfo>
    <type>Main</type>
    <type>Website</type>
    <title>The Monaco Motel, Wildwood, New Jersey!</title>
    <url>http://www.monacomotelwildwood.com/</url>
    <desc>The Monaco Motel is just steps from The Wildwood's Famous Boardwalk. Only one block to Wildwood's New Convention Center. Clean and Newly Redecorated.
Reasonable rates for a family vacation! Cleanliness &amp; Friendliness is important to us! The Monaco Motel offers you a comfortable, relaxed environment, a home away from home.
</desc>
    <keywords>wildwood, lodging, motel, cheap, rooms, hotel, by-the-sea, monaco, boardwalk, beach, by the beach</keywords>
</Resource>

<!-- ******************** Contact Info ***************** --> 
<Resource rdf:about="contact">
    <type>Contact</type>
    <title>Contact Info</title>
    <name>The Monaco Motel, Wildwood, New Jersey!</name>
    <url>http://www.monacomotelwildwood.com/</url>
    <phone>(609) 522-2269</phone>
    <resourceOf rdf:resource="main"/>
</Resource>

<Resource rdf:about="address">
    <type>Address</type>
    <title>Address</title>
    <address1>4211 Ocean Avenue</address1>
    <city>Wildwood</city>
    <postalCode>08260</postalCode>
    <stateRegion>NJ</stateRegion>
    <country>US</country>
    <resourceOf rdf:resource="contact"/>
</Resource>

<!-- ******************** Site Map Info ***************** --> 
<Resource rdf:about="sitemap">
    <type>SiteMap</type>
    <title>Sitemap Information</title>
    <sitemapGoogle>http://</sitemapGoogle>
    <sitemapROR>http://</sitemapROR>
    <sitemapYahoo></sitemapYahoo>
    <resourceOf rdf:resource="main"/>
</Resource>

<Resource rdf:about="map-about">
    <title>About</title>
    <seeAlso rdf:resource="main"/>
    <resourceOf rdf:resource="sitemap"/>
</Resource>

<Resource rdf:about="map-contact">
    <title>Contact</title>
    <seeAlso rdf:resource="contact"/>
    <resourceOf rdf:resource="sitemap"/>
</Resource>

</rdf:RDF>






